repo,deploymentFrequency,leadTimeForChanges,meanTimeToRecover,changeFailureRate
0xfe/vexflow,12.50719894676186,82.96347370724054,385.7805006613757,56
11ty/eleventy,17.17721846617709,71.48949034639408,80.74000763396374,53.75
42wim/matterbridge,17.982049122195832,14.91587938367177,50.975586174242416,67.5925925925926
99designs/gqlgen,14.163988923499563,39.09486587510994,73.208835753367,50
activeloopai/deeplake,40.61437346228467,17.099491329410853,20.248781828703702,26.96629213483146
Activiti/Activiti,24.333040505594326,550.176722970369,242.10029879385965,5.590062111801243
actor-framework/actor-framework,5.2564235384124895,227.57490675945056,110.63237353395063,57.142857142857146
aframevr/aframe,4.231677289541778,82.9480690645411,89.51567199775532,40
aimhubio/aim,37.749591946337645,18.54181406284653,14.37152531828704,36.206896551724135
aio-libs/aiohttp,25.404175433081114,44.14306242416882,178.52887598664242,27.555555555555557
airbnb/lottie-android,17.721048860287222,13.636146681962442,71.25040185866013,52.12765957446808
ajaxorg/ace,5.762979830529994,121.87220882599071,480.59900132275135,55.88235294117647
ajour/ajour,68.36735422414833,2.9117918405192396,5.856824074074074,40
ajv-validator/ajv,25.038384646298567,15.348229352916135,21.310940393518518,19.35483870967742
aksonov/react-native-router-flux,7.743326359751641,406.50988911551417,401.5470023148148,11.627906976744185
akveo/nebular,15.025654047708699,46.52034690512431,148.00578013204967,27.419354838709676
akveo/react-native-ui-kitten,6.8868639679978125,76.82074248529324,71.83907029478459,65.51724137931035
AlaSQL/alasql,9.064367710610268,29.915211679767605,347.26502256944445,46.3768115942029
albertlauncher/albert,10.727507640924733,47.697672353522954,45.22618398491084,20.77922077922078
Alexays/Waybar,11.18530461561034,49.336334895548255,147.83518190950383,83.33333333333333
alibaba/formily,57.338323233406626,38.10033420577449,8.171769484897519,30.555555555555557
alibaba/ice,30.61777807284684,53.38737332371778,26.029256258573387,44.73684210526316
alibaba/nacos,11.405120771431697,32.61298432523174,66.1901456536445,91.48936170212765
alibaba/Sentinel,5.6912032281191935,39.53048641709238,80.13756515083632,75
alist-org/alist,35.21807731691679,17.42687761682874,8.816453673641174,43.28358208955224
allenai/allennlp,12.071038057410831,31.36451094081769,42.04529730031236,76.27118644067797
allure-framework/allure2,8.362110821267944,18.24588454518393,97.26898834019205,45.65217391304348
Alluxio/alluxio,11.795868996034358,65.53925772974064,98.91567067694785,62.61682242990654
altair-graphql/altair,25.033248275114257,12.352281814646124,16.772117758784425,37.857142857142854
ampache/ampache,4.070940105317498,201.84840948181545,256.717987987988,32.075471698113205
amplication/amplication,37.20812850006988,23.351144244987577,31.155665155606993,82.5
anchore/grype,36.633685016126385,6.619091822187662,33.67019006799769,44.705882352941174
anchore/syft,54.71427631519557,6.837059464022244,61.39501145597128,57.8125
angular/angularfire,16.550229613044298,19.23011843607306,39.387611882716044,12.389380530973451
angular-fullstack/generator-angular-fullstack,19.925893836411156,46.770906548311295,107.73240797662415,28.235294117647058
angular/protractor,13.185643457200788,20.156513302214062,45.12955975651578,70.32967032967034
ant-design/ant-design-mobile,36.71322528703358,14.211692097919839,30.761312704248365,42.672413793103445
apache/dubbo-go,11.581125954086854,53.639783476642016,71.69818559368191,53.65853658536585
apache/incubator-heron,13.968682991187759,31.213036008814623,71.95552636876006,26.136363636363637
apache/incubator-kvrocks,18.011062652184435,60.494739027323895,82.86554586563308,50
apache/incubator-seatunnel,8.924987694393037,55.06741953423283,47.80124849033817,20
apache/mxnet,4.285650017372964,216.87061023569467,220.02088141025638,91.30434782608695
apache/shardingsphere-elasticjob,3.7183893046823298,113.59884555623294,151.01493283776736,76
apidoc/apidoc,5.440835594522357,60.146917081218845,208.42176149940266,60.416666666666664
apify/crawlee,98.04131970660113,5.735495727552478,66.91572897049592,20.037105751391465
ApiGen/ApiGen,2.9248446309085545,254.29154274566903,681.6922407407408,30.303030303030305
apollographql/apollo-ios,21.105815083329325,35.781851016505634,70.7546513748597,32.55813953488372
apple/foundationdb,17.607537503023828,167.93019461535405,211.68061444716773,68
apple/swift-nio,24.38321044676392,19.179696953807056,98.06714419056152,21.73913043478261
aquasecurity/kube-bench,8.297277359394638,31.082816252144085,76.18663393997446,50
aquasecurity/tfsec,86.15438370707226,4.04120575933076,15.13160445601852,48.40764331210191
aquasecurity/trivy,28.914471414285014,131.9638759609667,78.8893731696813,52.42718446601942
archlinux/archinstall,17.733055123659906,29.723934570895015,69.11154057017544,76.47058823529412
area17/twill,16.940257428634048,80.49751320682172,429.15858921421426,25
arp242/goatcounter,9.382825045801967,52.12100143134999,66.20257733585858,20
arrayfire/arrayfire,4.179647782831178,104.35625673895174,206.8083628234399,72.41379310344827
arrow-py/arrow,5.703350603708178,111.60698239461193,405.6859212962963,67.3076923076923
artf/grapesjs,22.526715825020226,37.0989235196628,73.12988752104378,62.99212598425197
artilleryio/artillery,17.19793546097193,214.27196624228395,430.64598560474536,20.338983050847457
aseprite/aseprite,7.800856861511247,100.03034542287064,146.85381319013112,71.56862745098039
atomiks/tippyjs,22.853129935645786,8.150548672027291,38.18020119598766,63
authelia/authelia,31.207421155431014,57.47380455690466,33.3295649005487,41.53005464480874
Automattic/node-canvas,9.550644745662693,54.56289440093906,585.1434098846654,46.2962962962963
Automattic/simplenote-ios,8.02131431290199,44.46115830314506,102.43687776771337,46
avajs/ava,14.19970733701252,22.55396810949299,132.9531181106702,57.84313725490196
aws/aws-cli,187.2871533342158,10.577503569131913,76.59079261490406,8.94878706199461
aws/aws-sam-cli,35.37679512011829,11.95364987229413,88.90813583530338,46.236559139784944
aws/aws-sdk-php,157.90101761858296,15.413442152903096,36.904940444084865,6.9987389659520804
aws/chalice,13.982862480303345,20.60181862532524,52.170022170057386,58.8235294117647
aws/karpenter,34.53086440924825,7.758769341271511,21.794740299823633,76.47058823529412
aws/serverless-application-model,10.648527215365492,67.70442837388347,234.19153957879448,37.93103448275862
beakerbrowser/beaker,13.035701199515755,94.06704827479753,44.223587577160494,67.85714285714286
beego/beego,4.884811525883747,70.27618261328391,218.39704475308645,65.21739130434783
beetbox/beets,3.170122986697096,230.23305074412602,363.48417770127116,96.42857142857143
Behat/Behat,6.927631514229619,51.70478703703703,128.91470547675334,23.170731707317074
benoitc/gunicorn,3.380560599082252,172.78611480001146,329.27341435185184,57.89473684210526
benthosdev/benthos,74.53952824434494,5.594164749302334,17.79218407064472,13.3630289532294
bentoml/BentoML,23.14798552439063,21.186268817524624,37.38111759658365,78.3132530120482
BishopFox/sliver,18.73962211622507,50.69739975594277,59.47564101344495,56.33802816901409
bisq-network/bisq,16.326585519367324,41.014993601396235,109.74500738188975,45.6
bitnami-labs/sealed-secrets,10.891337596876616,41.322118645028475,106.64614798664944,35.59322033898305
bitpay/wallet,42.056994395835964,18.97209864272167,27.580282003233393,14.655172413793103
blevesearch/bleve,6.578466843799038,202.24060849795424,214.77049272486772,16.27906976744186
bluejekyll/trust-dns,7.296064522930714,99.78730012311149,182.52814995659722,64.70588235294117
blynkkk/blynk-library,4.974794348259348,34.390279612265026,73.05071348566308,51.42857142857143
bolt/bolt,13.161524341909871,111.16595508024363,87.46232214584747,50.427350427350426
bookshelf/bookshelf,11.610531890763072,54.904109279085816,282.2823994055784,35.36585365853659
BookStackApp/BookStack,16.703694716019527,61.30016970508154,70.27093437769165,58.26086956521739
BoostIO/BoostNote-App,42.64464048817094,11.333980494310673,34.31307060185185,26.19047619047619
BoostIO/BoostNote-Legacy,12.937670997684954,97.23747949042392,154.84242681809414,59.701492537313435
bootstrap-vue/bootstrap-vue,21.308137690246053,81.77659319571237,157.96708383655394,51.5625
boto/boto,11.34410664123641,36.014193465236595,118.68681629438716,42.10526315789474
botpress/botpress,58.836171564678814,15.575676139706518,69.51449201261701,32.33532934131737
bottlerocket-os/bottlerocket,16.943110236348268,36.388990193488326,94.77677815027671,60.416666666666664
bower/bower,8.951780099189246,237.99200558538652,276.4180283320292,34.11764705882353
boyter/scc,6.66440716847299,65.75808519151475,167.4550551994302,79.3103448275862
bpmn-io/bpmn-js,31.085777554977902,58.22179378940816,83.64620778867102,28.571428571428573
bqplot/bqplot,14.135621074639227,39.00808370518029,180.97565127627627,20.408163265306122
briannesbitt/Carbon,34.34864466911081,348.30404480834494,60.77057656035665,40.49079754601227
bridgecrewio/checkov,816.3262953422584,1.8056332144429383,100.5782243130227,5.403192795742939
brndnmtthws/conky,1.7361839589378398,940.7065498573585,238.69344287367724,45.833333333333336
BrowserSync/browser-sync,26.298625209053082,8.86948214924339,37.67312875375375,14.084507042253522
bufbuild/buf,34.92500531556412,9.175996627721036,49.79318539292498,72.11538461538461
bufbuild/protoc-gen-validate,7.543872260349711,41.54989495915856,197.31109613289763,39.473684210526315
buger/goreplay,4.863710161369501,109.83739187062162,115.14960792824075,33.333333333333336
buildbot/buildbot,5.38039701579955,119.71254232103036,165.03738902505447,59.550561797752806
bumptech/glide,4.06899362082433,198.98907964993998,129.74465353260868,59.45945945945946
burnash/gspread,5.590967750138898,59.71603233273597,196.57477582846005,62.7906976744186
buttercup/buttercup-desktop,20.546717905342863,38.22339488709264,58.09878462656872,50.370370370370374
bvaughn/react-virtualized,41.065906843022816,10.612005699167435,153.27306182484568,37.688442211055275
bytebase/bytebase,30.787842657726394,11.792261133805374,29.386228566529493,53.65853658536585
bytecodealliance/wasmtime,15.970918971694447,279.3656446908422,62.447539430320155,73.07692307692308
caddyserver/caddy,10.723416900366523,46.62946747298769,52.906095827397905,40
callstack/react-native-paper,28.662869634099646,13.306555919195867,85.14554062126643,40.397350993377486
canonical/multipass,15.810887170141,71.74478849998182,134.22082235280152,47.36842105263158
Canop/broot,36.85050265580137,6.160159057109976,26.994893162393158,29.78723404255319
caolan/async,6.371722815127406,78.5441045804447,145.99783055555557,44.73684210526316
carbon-app/carbon,47.276137981570976,7.136944047114501,58.39222464470285,25.229357798165136
caronc/apprise,8.12141564093726,18.584989958060138,47.94464414626491,78.94736842105263
Carthage/Carthage,9.011756983497277,50.61511027120083,80.89583344680464,58.62068965517241
casbin/casbin,38.36657280260389,11.385314964011863,20.068089037698414,50.23255813953488
casdoor/casdoor,267.30681879157163,10.73267744465595,10.673953426932366,24.92753623188406
catchorg/Catch2,13.952699956770877,164.36529697120582,220.11214058806146,37.86407766990291
certbot/certbot,14.987184819692057,63.00335875322997,137.49438452327072,74.03846153846153
chakra-core/ChakraCore,14.513347699207616,93.48322824212032,165.49793418965294,41.666666666666664
chaos-mesh/chaos-mesh,27.628977003704286,44.300444563320376,83.7780768557423,38.70967741935484
charliermarsh/ruff,498.57769220088795,0.2735375330687831,0.898096251493429,77.41935483870968
chartist-js/chartist,7.580748092144742,45.63585124989666,84.743953125,40
citizenfx/fivem,606.8502609532627,7.1613827938461325,5.5332301731078894,4.8174286590978825
clap-rs/clap,22.974737683695288,88.45879293963702,118.46933960936622,73.09941520467837
cleanflight/cleanflight,10.273153103916085,55.61866811125035,81.80314223251028,71.42857142857143
ClementTsang/bottom,15.043087677392354,24.535837292609354,41.543390967498105,61.29032258064516
cloud-custodian/cloud-custodian,13.725831601700888,22.522502311365017,59.97525791182974,92.13483146067416
cloudflare/wrangler,21.99158977498739,17.387388739680443,65.290881917528,63.63636363636363
cmus/cmus,0.8192944085589425,282.1686177102517,586.9527967592593,42.857142857142854
codecentric/spring-boot-admin,10.92040825310477,49.20140494344215,48.93098981794294,48.86363636363637
codenotary/immudb,13.866567882837806,25.790237810037894,34.337805555555555,61.76470588235294
coder/coder,102.43525964632104,4.804992657666942,23.367904649565833,81.42857142857143
codesandbox/sandpack,146.9998707664533,3.2693556281387326,26.836122685185188,26.271186440677965
cointop-sh/cointop,14.43784320416964,16.62572589301048,40.72799296982168,64.70588235294117
Col-E/Recaf,41.7299161484039,48.517080518508834,19.061223357791754,34.375
concrete-utopia/utopia,137.11360332059328,25.259817518201526,50.15448419887279,8.012820512820513
containerd/containerd,19.180228379034308,213.43482735938298,141.37281927910053,54.54545454545455
containerd/nerdctl,21.463076231676336,10.313589906395759,27.351095679012346,95
conventional-changelog/commitlint,21.409150719883584,71.36523308623039,168.2711653377915,28.275862068965516
coredns/coredns,10.62168149639163,26.82410859934925,108.32630891661434,82.3529411764706
cortexlabs/cortex,17.528578637168504,13.511224421739747,42.503597296893666,75.80645161290323
cortexproject/cortex,18.257895553675198,32.625467772782045,127.62861900252524,33.333333333333336
coteditor/CotEditor,24.421711551809995,132.51107904307267,26.368822773972607,35.68075117370892
crankyoldgit/IRremoteESP8266,11.128185301599546,19.288179904814047,31.08936314363144,91.66666666666667
crate/crate,41.04762774206371,39.65270993554577,63.505117598308196,17.8117048346056
crimx/ext-saladict,31.803428497640535,29.934351094004395,28.048145218002816,35.67567567567568
crossplane/crossplane,22.762012275102787,32.639901940577424,66.97530873842592,46.91358024691358
CrunchyData/postgres-operator,20.7939327662239,51.65226871087637,47.10681970164609,16.666666666666668
cssinjs/jss,23.34888675167999,20.499434497494843,57.4757550925926,36.46408839779006
cubefs/cubefs,9.90102081838333,40.756898250483026,41.90668330439815,61.76470588235294
cytopia/devilbox,9.041761104437755,118.09800383895463,132.7888990457294,52.63157894736842
d3/d3,17.667153274540055,149.48229788966518,157.7950879402687,36.81592039800995
dagger/dagger,54.424549862400646,12.258756981079848,56.38453386350059,40
dagster-io/dagster,140.07518373042194,8.846371747275155,40.724633608217594,31.82640144665461
danger/danger-js,37.33427676915798,8.671276880670833,124.11294984567901,21.296296296296298
danielgindi/Charts,4.840612827580502,41.58542397414052,91.33215324074075,55.55555555555556
dani-garcia/vaultwarden,10.333495903826783,25.262000857383992,67.38450900607639,81.81818181818181
date-fns/date-fns,23.79834299950627,23.147075842119843,63.03442042278127,31.746031746031747
davidhalter/jedi,2.9138164837195717,112.68255971960507,154.18972023562742,77.77777777777777
ddddxxx/LyricsX,7.517286771146527,39.74618375765642,38.57849168771044,31.57894736842105
defold/defold,22.904256483118633,30.510058204633825,115.6525646507048,76.17021276595744
denisidoro/navi,28.194818182939812,11.275369266484693,39.01064625420875,46.666666666666664
deployphp/deployer,16.75206748555725,21.983438497083423,108.45072310405642,34.375
derailed/k9s,44.32216563423612,13.885971325274605,47.38883823799046,71.95121951219512
devtron-labs/devtron,62.279513538968565,4.156577022602451,30.09824112654321,61.386138613861384
dexidp/dex,11.28372874383978,49.0289991622731,36.8989923088411,44.15584415584416
dgraph-io/badger,7.779536336208569,81.66336723110096,154.80130908869396,58.97435897435897
digitalocean/doctl,20.82152764988187,57.635765811631416,40.42002522554606,37.42690058479532
direnv/direnv,6.183731966983873,52.00709371998831,161.3844385393046,46.478873239436616
distribworks/dkron,15.261329512528324,17.595275539874205,98.51088565779321,50
django/channels,9.198222240107294,42.53868809748981,104.80896047668038,27.868852459016395
django-cms/django-cms,5.1411312948256835,129.5557559558818,161.95710451607266,52.30769230769231
django-extensions/django-extensions,10.911070001368804,45.73253853044244,130.32364417989416,31.092436974789916
django-oscar/django-oscar,8.367018569098144,174.09414068011463,279.54006615181993,18.29268292682927
dmlc/dgl,6.090559027246377,56.581722871737774,87.15775515572392,86.95652173913044
dmlc/xgboost,11.388723530912493,570.6260675416341,156.84811547550154,32.25806451612903
docker/cli,15.410128938338758,95.75406426081645,267.18164412768033,27.5
docker/docker-py,12.428531711910098,54.0832056150366,110.26037338969404,48.717948717948715
docsifyjs/docsify,32.357641928251276,29.43904319807108,274.47907485610614,33.333333333333336
doctrine/DoctrineBundle,9.551317014064649,60.27682284289424,124.62976957070708,48.45360824742268
dolanmiu/docx,10.363786378504168,43.500554202581974,119.96067226080248,37.28813559322034
dolthub/dolt,50.995488295246496,14.15989144381926,48.75135925925926,62.42424242424242
DouyinFE/semi-design,152.90317807920417,3.535852235996737,28.06333297992649,29.447852760736197
downshift-js/downshift,45.14082590929777,4.543527182787853,55.741498971193415,32.91139240506329
dropwizard/dropwizard,8.54904766725026,116.75083494191257,220.941335820528,24.242424242424242
dropwizard/metrics,9.51575678268142,68.19243731527494,203.91183476631394,13.223140495867769
dubzzz/fast-check,34.44454666413102,52.888880180096635,50.92231069958847,21.656050955414013
dustin10/VichUploaderBundle,7.4955542155155115,57.88292815894516,178.24650347222223,38.27160493827161
DV8FromTheWorld/JDA,6.950683505367489,71.68878123319733,74.07599074074075,54.166666666666664
earthly/earthly,40.107149667776824,7.630172879639987,27.775566999583848,64.81481481481481
elastic/eui,85.49711667397422,11.070628666962135,83.84951094415766,55.58139534883721
elasticsearch-dump/elasticsearch-dump,29.58176562985523,10.093395574393837,72.76937821502058,10.038610038610038
electerm/electerm,68.15338222181036,2.5018069599756783,7.626618496869171,55.45977011494253
electron/electron-packager,12.998656028138473,29.65604391993838,75.82780417478882,49.494949494949495
electron/fiddle,13.12240858102129,22.654832669897313,60.80116537823201,62.96296296296296
electron/forge,13.579577185176435,646.898346360566,578.3593055555556,50.602409638554214
elves/elvish,5.979372729992996,143.13060871715734,222.20685416666666,41.1764705882353
emscripten-core/emscripten,40.25152887006775,15.535151331381291,146.69072361487503,49.12280701754386
encode/django-rest-framework,10.397388998326926,53.39628107672184,134.63325968013467,64.60176991150442
encode/httpx,20.12838889844152,17.837332022372706,61.1289211560045,58.9041095890411
encode/uvicorn,25.994259324760332,15.102459785724093,161.70531339031336,39.436619718309856
envoyproxy/envoy,15.62845336998491,46.50227936932556,78.33330304587969,29.347826086956523
epi052/feroxbuster,29.694067118610235,8.717659299175743,26.32516915954416,69.84126984126983
erusev/parsedown,8.378135286458527,422.20445955281616,317.31578169515666,32.432432432432435
erxes/erxes,11.650423969419208,130.9396669390227,33.75629487683438,35.9375
esp8266/Arduino,3.8789942809294202,98.9893329746413,286.8179947193287,71.42857142857143
espanso/espanso,14.138814311229135,51.986132856030814,35.88757611655773,61.36363636363637
evernote/android-job,7.760919732350766,22.999925171660426,8.05855541087963,28.571428571428573
exceljs/exceljs,22.67528399664142,26.278534040130612,254.7982892771804,28.94736842105263
expressjs/express,15.843378717444066,107.77155310023487,107.9378944830247,20.297029702970296
express-validator/express-validator,19.767454536337137,300.58163708847735,136.03317523640663,29.565217391304348
extrawurst/gitui,16.509938393689772,23.523069964732567,32.168436281676414,67.44186046511628
fabiospampinato/cash,6.142210520720816,36.41290500228772,127.90149385376755,36
facebook/draft-js,5.401156339171443,112.43993177155187,184.90986064814817,54.166666666666664
facebookexperimental/Recoil,10.359012350599485,34.20429803534498,76.36129203216375,45.833333333333336
facebook/react,7.744447579972241,428.40913815863934,583.1597940449011,39.130434782608695
facebook/relay,10.313795111258262,43.176115896142456,123.89220582561728,56.06060606060606
facebook/rocksdb,12.931254786311337,75.26932816820768,159.57745535714287,45.16129032258065
facebook/zstd,7.231663169384191,43.59418588707921,84.68114490740741,82.97872340425532
faker-js/faker,6.365435575233684,179.11022106978223,32.33264054232804,27.868852459016395
falconry/falcon,6.85238846434673,78.88289299965687,180.50722565157753,45.45454545454545
fastify/fastify,39.24336442628052,12.00104409696125,53.67330399627057,44.35146443514645
fdehau/tui-rs,5.853033345464723,43.62105137882447,73.91298661433171,63.63636363636363
filebrowser/filebrowser,19.516309275408666,54.19959919162773,118.82184116809117,25.24271844660194
fingerprintjs/fingerprintjs,11.99281871257596,42.1625383100127,193.69054508377425,42.52873563218391
finos/perspective,28.05983225859876,13.985268590110728,52.34327224794239,63.503649635036496
firebase/firebase-tools,34.34243585785063,15.566446718877357,69.344677946796,50.87108013937282
firebase/FirebaseUI-Android,8.855663342301344,24.79079812885803,61.73378598027375,60.317460317460316
firecracker-microvm/firecracker,10.848525369473968,89.4128945369582,123.52252158173211,52.94117647058823
fkhadra/react-toastify,24.891226478561414,84.03402195273064,93.21283930311891,23.66412213740458
flannel-io/flannel,5.973766736063144,80.78517135716241,147.7584837962963,31.914893617021278
flarum/framework,3.8302330030070455,1099.167109085131,488.25366145321203,55.55555555555556
flatpak/flatpak,21.70751848076332,24.083215743609315,99.33833752394638,41.97530864197531
fluxcd/flux2,63.9832845458126,4.683216007902065,9.499340277777778,37.106918238993714
foambubble/foam,32.37004571093745,11.048203719778805,39.54989662607813,46.57534246575342
FormidableLabs/spectacle,18.448039522701006,23.87546117941712,134.09351655982906,40.15748031496063
FormidableLabs/victory,33.742028051143386,366.9302954436871,125.07034471971973,13.793103448275861
framework7io/framework7,40.124117211076054,15.716622003299504,44.129246487867185,10
frappe/frappe,114.41784891258337,58.82268294016068,109.02998556605297,33.65853658536585
FreshRSS/FreshRSS,6.052487391916967,47.15264740458564,144.46023795648793,87.93103448275862
FriendsOfSymfony/FOSRestBundle,8.63423225400289,68.18699433256172,166.30998456790124,30
FrozenNode/Laravel-Administrator,15.8713448698971,13.381032103487989,60.45369090207632,33.333333333333336
fsnotify/fsnotify,4.051945036778656,61.47290912230949,512.4181880587483,55.26315789473684
fullcalendar/fullcalendar,14.987237526109176,86.34819232396156,109.13165384134135,39.85507246376812
future-architect/vuls,13.032713051811163,40.64161655454283,71.9720533130787,44.18604651162791
fwupd/fwupd,14.400449050117327,26.15157372334456,40.628241589804084,77.27272727272727
gaearon/react-hot-loader,19.65715424290998,164.98597955083784,65.1651048900463,21.341463414634145
gajus/slonik,52.642185914146964,16.418896139987734,120.3132035383598,23.569023569023567
Gallopsled/pwntools,13.324430383439752,189.37442614170297,128.48000957254249,36.89320388349515
gchq/CyberChef,79.53867701844231,43.98700213697102,110.85814184833568,14.222222222222221
geany/geany,1.3367940223351882,304.2368599867725,192.5947257834758,47.61904761904762
geist-org/geist-ui,84.07677177575007,4.541684269277005,17.69526945891204,57.142857142857146
GeneaLabs/laravel-model-caching,29.085227187619434,4.426115989073365,32.458424125514405,26.95035460992908
geocoder-php/Geocoder,5.438441471931948,133.6660374290194,250.08212562321935,29.82456140350877
getsentry/sentry-javascript,31.27271877407734,115.51031116311201,49.283225768773356,42.89940828402367
getsentry/sentry-php,10.187285761318181,65.66419596837541,83.11133299829434,36.36363636363637
getzola/zola,7.646552446145598,39.95871166087963,76.80028187692902,90.2439024390244
gevent/gevent,2.4023036931486668,176.80324172821133,146.86924177501967,40.625
github/hub,7.32046850441315,186.13337528035402,182.6295529904905,52
gitkraken/vscode-gitlens,24.562582617955027,27.920940718110003,42.801606630824374,75.81699346405229
git-lfs/git-lfs,11.077046450795496,39.52193732809278,149.5489664567518,61.627906976744185
gleam-lang/gleam,25.149324334759815,20.810583649137886,25.688023790213567,44.44444444444444
glium/glium,8.198335146966503,78.7815414348918,147.13281679894178,57.6271186440678
gluon-lang/gluon,7.059247294701462,53.594835290009804,95.4267271090535,81.08108108108108
gnuradio/gnuradio,6.3736996681899685,266.2773005715928,344.6185784600389,41.891891891891895
go-acme/lego,7.634498712165259,59.87224791879034,49.861043861749685,50.943396226415096
goadesign/goa,15.308768498128979,997.9093787782646,444.4092505787037,33.333333333333336
goaop/framework,4.169654750501378,140.24773904826205,184.09516501322753,51.42857142857143
gobuffalo/buffalo,25.570803211807608,30.135546476144068,142.39088872354498,37.58389261744966
gocd/gocd,8.016324465918355,52.30286340902268,132.49135977833893,89.0625
go-delve/delve,4.878788188692074,70.55982885039384,161.0887923248003,84.21052631578948
gofiber/fiber,36.70179468030605,5.110427739832901,30.109780982905985,73.26732673267327
go-flutter-desktop/go-flutter,17.084224003155075,27.69225854700855,51.45560367933724,38.70967741935484
go-kratos/kratos,16.591616596139286,15.349775504242238,26.28087740384615,65.45454545454545
golangci/golangci-lint,22.911962331896497,15.478001260726622,86.25808659511785,64.35643564356435
googleapis/google-api-php-client,7.282954454037544,51.08948641243284,204.85491998792273,19.672131147540984
googleapis/google-api-python-client,16.592455795328934,20.779952772775776,138.31802740951179,25.78125
google/autocxx,21.537883892043748,11.488615075764628,15.019357833957551,86.04651162790698
google/blockly,8.497328608370761,80.21158281411266,168.08654027640807,55.172413793103445
GoogleChrome/lighthouse,14.510090958084195,21.488669827352865,129.4454747914123,76.08695652173913
GoogleChrome/workbox,18.642136046033073,16.380694061753285,59.856558159722226,44.329896907216494
GoogleContainerTools/kaniko,9.006430894145495,33.20217979416379,103.21066618217054,57.89473684210526
google/earthenterprise,14.97350642946644,64.01544949313538,146.02372395833333,52.72727272727273
google/filament,26.841636120847568,23.465257829825262,49.1793894837575,71.9298245614035
googlemaps/android-maps-utils,4.649212677057766,129.6429767071759,166.4726992143659,57.89473684210526
googlemaps/google-maps-services-js,15.718061773243917,54.67257972065769,39.89634744623656,8.24742268041237
google/model-viewer,11.612710887490906,21.753663255682934,61.05067317317317,64.44444444444444
google/traceur-compiler,26.270678079230777,25.564384229957806,89.12874452577576,57.142857142857146
gopasspw/gopass,13.139787847175384,24.219045488696647,95.92958710562414,72.36842105263158
goplus/gop,14.270120669874009,45.27710209964153,133.5334953703704,77.52808988764045
gorakhargosh/watchdog,2.9401231411835766,711.3337348294622,255.5285681905864,50
goreleaser/goreleaser,85.47357948959852,4.26733840662656,21.19150177744709,60.51587301587302
go-resty/resty,4.106515191051322,258.72134619554123,93.61939969135803,48
go-swagger/go-swagger,7.398762483775265,40.628730368160724,153.84667114990486,70
go-task/task,11.259435958214704,21.89471333724475,87.19629409171075,65.625
gotify/server,9.67571248365531,16.394163394163392,51.136018931878304,45.45454545454545
go-vgo/robotgo,9.309667571493843,54.402165749444315,194.04733391203703,37.5
gpbl/react-day-picker,22.078625169452387,308.13796257967016,83.97398630401234,28.07017543859649
gqrx-sdr/gqrx,4.29568145008754,145.38342010353023,512.4165332892417,36.36363636363637
grafana/k6,11.92063447379609,42.930292048643906,157.61107945601853,83.78378378378379
grafana/loki,7.884856568360667,64.73380271953695,90.04476154618474,69.23076923076923
graphile/postgraphile,46.63877020034173,42.50368310754402,204.30796766493054,15.845070422535212
graphql/graphql-playground,41.894193869715146,5.018508469093377,68.0702365136876,54.23728813559322
greenplum-db/gpdb,28.475271225045304,1315.289127028457,207.4438145401758,28.75
gregberge/svgr,12.865499673834126,17.250034094955968,95.90297812899105,42.857142857142854
greshake/i3status-rust,11.45539179277029,42.313540443599884,161.7994154040404,25.806451612903224
grommet/grommet,17.181086907589172,20.47722915138859,63.85014466230936,50.76923076923077
grpc-ecosystem/grpc-gateway,13.293358340545044,31.73749920889442,246.71683356481483,72.61904761904762
grpc/grpc-java,17.181280890682373,43.02523712091431,128.3365943157283,50
grpc/grpc-swift,14.981000762315244,40.81365403950793,48.275093055555566,35.632183908045974
gruntwork-io/terragrunt,60.59541867436047,6.719408232434041,62.12011204346708,52.92620865139949
gunthercox/ChatterBot,13.659129294826986,35.93431304503598,116.63985454204204,47.5
h2o/h2o,15.163115558491098,120.79750299051629,56.34272807734204,17.647058823529413
h5bp/html5-boilerplate,2.6001009771838404,674.1939797167216,483.0524348196882,40
HabitRPG/habitica,134.76048798415965,64.20530168959253,107.48337056559569,22.388059701492537
Hacker0x01/react-datepicker,21.83436344219018,23.335456750231316,91.34870447530864,30.232558139534884
hackmdio/codimd,5.343654095591627,73.74264257664554,105.07550020128826,45.714285714285715
hajimehoshi/ebiten,27.489270856562115,124.13301021834076,39.84316655643739,46.02272727272727
halo-dev/halo,21.236958232861628,25.563361026573357,44.555693918350165,58.76288659793814
HandBrake/HandBrake,2.0102973469844043,321.2651346007064,209.94412671095006,60
hankcs/HanLP,7.957153804147382,82.41084441782331,139.11117031695156,27.272727272727273
hannobraun/Fornjot,17.664588656309824,27.286651532287408,78.91217314814814,74.07407407407408
hapijs/hapi,28.25390613830284,12.821987483425957,28.49695511623855,46.774193548387096
hapijs/joi,23.008902164148708,24.50165338631665,61.81844178669411,50.65502183406114
hashicorp/consul-template,8.312641583673052,27.758149113086642,110.63391338547285,77.27272727272727
hashicorp/vault,19.581865083403247,38.64819883716766,206.12560869398405,47.61904761904762
hashicorp/waypoint,16.59154885465788,33.21294531584932,70.83835268469527,79.41176470588235
hasura/graphql-engine,32.917469482150004,31.394018111017374,108.61611222153887,46.08695652173913
hazelcast/hazelcast,12.482933813522473,1729.234447300237,1465.094331566109,25.53191489361702
HDInnovations/UNIT3D-Community-Edition,11.578646467832826,40.67631877197369,84.95535427958445,75.47169811320755
helm/helm,21.257703958045578,46.88407806961062,141.68681789485765,58.57142857142857
Heroic-Games-Launcher/HeroicGamesLauncher,43.619839697229104,7.3784137006251775,25.139025375611464,75.90361445783132
hexojs/hexo,14.517240248967264,51.245557540926086,184.87181998351093,31.944444444444443
hhyo/Archery,14.400036164474384,25.87011310740236,39.71900042087542,68.96551724137932
hibiken/asynq,21.549166352956544,15.855675160425456,22.412486383442268,50
hluk/CopyQ,9.695685685240043,30.975645776132964,69.45191632537987,74.50980392156863
horovod/horovod,13.72507262122703,36.551884111505125,82.23960899758454,60.563380281690144
howdyai/botkit,8.527740846977068,106.16115905292826,122.778125,49.01960784313726
hrkfdn/ncspot,12.445629246895471,13.334830146934282,40.17266435185186,63.888888888888886
htop-dev/htop,1.808157745954331,185.78336255634403,81.77933173500882,72.41379310344827
httpie/httpie,2.8494644728912593,266.4439031312581,489.66686636263125,72.41379310344827
httprunner/httprunner,18.297539219339395,45.686970088801296,56.42434252829218,52.94117647058823
Huachao/vscode-restclient,7.707827878756302,36.041258992066425,40.239834806397305,29.166666666666668
huanghongxun/HMCL,20.132020694519053,72.01417047668893,112.01081820987655,35.172413793103445
hugapi/hug,14.774373489073898,61.901292678776166,102.8110630787037,45.90163934426229
huggingface/datasets,24.91874468259125,15.026515818773246,32.69359255525688,77.77777777777777
huggingface/transformers,26.76832932061961,16.47565496436065,42.74166354471247,50.476190476190474
humhub/humhub,13.52333684287291,36.594980872463104,78.76301837004642,73.21428571428571
hummingbot/hummingbot,20.147439551590193,33.72523952593226,74.09245653431965,84.93150684931507
hybridauth/hybridauth,5.771748010928545,111.03966722273948,124.5726087261504,48.38709677419355
hylang/hy,2.941287691753163,160.33802273987277,525.3827116281427,79.3103448275862
hyperf/hyperf,54.25784865748988,12.371929832123106,18.37672881703318,32.78688524590164
hyperium/hyper,24.413007539078194,48.0666523249835,51.48773260673868,48.94736842105263
hyperium/tonic,8.600369966447758,24.31802274057353,111.35860439068101,51.851851851851855
ianstormtaylor/superstruct,16.27016964673004,28.74669274980603,133.23524739583334,32.098765432098766
iawia002/lux,15.804751065303183,21.679756960256018,15.449831706706705,78.37837837837837
iBotPeaches/Apktool,2.133654353753117,131.76905386317523,237.10265534359664,92.5925925925926
image-rs/image,7.854351713145325,74.16149576869888,139.46176130174294,66.66666666666667
immerjs/immer,26.625530745125275,17.158248423841155,48.93619770998677,39.0625
immutable-js/immutable-js,8.84989149021893,40.80644010613505,290.1073528439154,55.072463768115945
iNavFlight/inav,9.538985389183482,67.89165969271427,112.73637829861114,74.13793103448276
includeos/IncludeOS,7.955521185141242,86.77640688110665,79.63463337418301,72.22222222222223
infection/infection,22.29874264625722,38.45047704000608,93.10981268461711,39.83050847457627
infinitered/ignite,28.320933661627485,66.67399753661529,55.00226489082366,16.049382716049383
infinitered/reactotron,18.13557887838723,61.426317323096555,47.84003533138401,17.699115044247787
InfiniTimeOrg/InfiniTime,15.664570303066014,43.1677130929298,116.97607060185184,65.11627906976744
infinyon/fluvio,23.800064586012002,16.492934177097172,29.98479910714286,75
infracost/infracost,36.49905905892445,6.986741056089048,17.23346388888889,71.42857142857143
instaloader/instaloader,11.031310569448575,41.19206479988053,89.62151934883252,58.064516129032256
IntelRealSense/librealsense,18.87292805076377,40.078818182635295,107.44693502632533,57.142857142857146
ionic-team/capacitor,50.505079227166235,8.58287670791441,110.09518699363427,17.959183673469386
ionic-team/ionic-framework,30.02473817748745,68.3962359617638,84.24619655864198,58.46153846153846
irssi/irssi,1.257753552096126,318.9229910302108,444.3637896825396,44.827586206896555
jaegertracing/jaeger,11.063927393458135,23.450545485062104,73.54445469034609,72.88135593220339
JamesIves/github-pages-deploy-action,23.790565381721024,12.2041166228908,34.744120833333334,36.04651162790697
James-Yu/LaTeX-Workshop,37.18232564217635,17.559241117215066,28.16819859601449,40.36697247706422
JanDeDobbeleer/oh-my-posh,413.4016014929947,1.1960088450509858,2.599304207119741,25.824175824175825
janet-lang/janet,15.320422175523598,19.146419907564503,41.99109722222222,33.898305084745765
jaredpalmer/formik,46.377237544897326,14.578815513073275,89.72701430224868,29.447852760736197
jashkenas/backbone,1.6698982233954407,142.5691945219548,272.2670163690476,78.94736842105263
jashkenas/underscore,3.0201536068358745,209.2726828733727,239.54607313368058,61.53846153846154
java-native-access/jna,2.231143333764954,232.11524727268363,731.9224911492374,34.375
javascript-obfuscator/javascript-obfuscator,36.4514679562548,13.585098968872638,37.932014322916665,55.714285714285715
jazzband/pip-tools,10.559847393234154,118.85558097946698,157.77405092592593,58.8235294117647
jemalloc/jemalloc,6.229694697576599,448.2386460674486,204.01192544549266,47.72727272727273
jenssegers/laravel-mongodb,12.841050789848275,33.6871541743478,297.49946373456794,29.310344827586206
jeremylong/DependencyCheck,12.13194550239538,29.37960918415403,81.60740683443343,77.04918032786885
Jermolene/TiddlyWiki5,5.952420685816162,56.63020832376572,90.23150778619528,38.46153846153846
jesseduffield/lazydocker,7.930077421149014,51.89687068211788,212.89683625201292,40.74074074074074
jesseduffield/lazygit,35.33358438669689,39.75003755675812,115.68689118227023,35.76158940397351
jhen0409/react-native-debugger,14.21526280534521,15.02244660991637,86.41733516922095,37.5
jina-ai/jina,90.71698499432223,6.825407665475869,22.669736004067648,46.63865546218487
jitsucom/jitsu,9.23955416338512,276.4852747195544,323.47448688271606,35
jlmakes/scrollreveal,12.220261898368241,29.31213312507333,102.72598668981482,12.820512820512821
johnbillion/query-monitor,15.905005555559617,209.76930248895533,374.67487046887305,52.04081632653061
johnkerl/miller,7.5623606996660815,49.38558314184014,74.49707109788359,43.63636363636363
johnsoncodehk/volar,135.94142624794642,5.382707771276535,15.134235012089242,55.913978494623656
jopohl/urh,17.682132824164196,8.209388429036043,8.868530423280424,40
josdejong/jsoneditor,17.991124399998156,21.59499927010344,82.49982638888889,38.15028901734104
josdejong/mathjs,25.209573416691853,24.33364480079146,37.239648942994194,53.65853658536585
jqhph/dcat-admin,30.71982045036449,18.360867139425867,11.667547234734734,47.05882352941177
jquense/react-big-calendar,19.32947742176006,31.337284077359225,64.42699156746032,25.899280575539567
jquery/jquery,5.6641138574055026,584.4824249392635,291.3694400804493,44.44444444444444
jsdom/jsdom,16.94117581741936,37.205834332139155,346.22472040037724,42.10526315789474
jshint/jshint,7.194798705154995,78.40480538951398,266.4585270219199,45.070422535211264
jsx-eslint/eslint-plugin-react,24.81050823659926,37.672207825295175,187.33330960922413,64.3979057591623
juanfont/headscale,53.25578101535292,11.110509825887284,42.4432294297138,53.246753246753244
Juanpe/SkeletonView,12.336294539690224,39.76769929546678,81.38691946881092,36.0655737704918
juicedata/juicefs,14.233959497560729,108.41977002562072,89.09356982282765,84
juice-shop/juice-shop,20.582685968850754,32.51622267838713,36.93502842755036,30.120481927710845
julianshapiro/velocity,10.137214508116788,38.6988357300885,113.59305336586586,76.66666666666667
junegunn/fzf,12.07625423614064,15.274837404984185,46.30738869598765,62.38532110091743
jupyterhub/jupyterhub,8.931363718784674,75.66946439253095,137.4509517973856,68.75
jxxghp/nas-tools,304.38388585713176,2.3215234789515233,5.7433958333333335,37.94871794871795
k3d-io/k3d,36.674322563301075,19.01555591351661,20.875382213608955,59.2
karatelabs/karate,8.03659448843195,68.43061747310713,79.56569575968012,91.30434782608695
karmada-io/karmada,16.503913774269186,31.97018553841227,54.24795039326961,48.38709677419355
karma-runner/karma,21.887586401097252,131.00225914335977,243.60116868846694,28.755364806866954
kata-containers/kata-containers,15.7179250667029,355.0767020041708,110.8760104591703,46.51162790697674
KaTeX/KaTeX,5.608442747176596,77.09983425545668,264.0545942481247,40
kazupon/vue-i18n,19.317643491386555,11.400103315421417,36.1712840965966,25
keeweb/keeweb,21.965932664553446,39.15454004490293,92.66683419571531,43.65079365079365
kelseyhightower/confd,10.27092471577356,81.83693427287582,105.26437926413257,44.680851063829785
keras-team/autokeras,11.507791659602736,40.71087561325317,39.27445251937985,62.96296296296296
kestra-io/kestra,21.307134410456783,15.257691502782494,72.01027922453703,66.66666666666667
Kinto/kinto,25.18496074869941,24.751185296758567,53.2067763915045,40.104166666666664
kirki-framework/kirki,16.86113953238152,87.51247042796383,43.08209940087146,41.80327868852459
kivy/kivy,2.7935217747243697,205.38416057871189,362.48455368745937,64.51612903225806
knadh/listmonk,7.392771201289126,41.48986593569849,81.5050815831075,52
knex/knex,13.96824864660104,39.58619356597342,231.54675475823046,36.92307692307692
knockout/knockout,1.3930646334581254,644.7600399164407,711.661688305153,84.61538461538461
konvajs/konva,22.7841739833217,15.452073497558876,190.23434799382713,17.51412429378531
kornia/kornia,8.502387833788307,55.22335936701421,75.82289962705761,75
krisk/Fuse,12.850017223893303,14.502259662727722,86.1112650462963,37.5
ktr0731/evans,13.114996986855504,39.480931825114844,40.287574266975305,53.333333333333336
kubernetes/dashboard,8.984153487458686,41.53946656593327,57.86885280203784,88.13559322033899
kubernetes/kompose,6.1614124502408325,32.81613064236111,124.84536764705881,64.1025641025641
kubernetes/kops,26.490459113476042,36.299001746318915,91.39401922929153,54.60122699386503
kubernetes/kube-state-metrics,10.811184248575206,80.89655916772425,105.97108160537299,49.25373134328358
kubernetes-sigs/aws-load-balancer-controller,9.398082455537871,31.63863303245697,88.80634531590414,43.24324324324324
kubernetes-sigs/kind,5.821008128009825,51.27581306341207,108.84081036890068,86.36363636363636
kubernetes-sigs/kubebuilder,8.925730147425309,44.58976863058353,69.62553440293742,69.23076923076923
kube-rs/kube,23.83323911154504,10.569346273160587,43.085452143719806,76.05633802816901
kubescape/kubescape,106.13411943162586,9.38370724525794,34.04672827060932,41.791044776119406
kubevela/kubevela,57.15718324645573,9.864049066825597,31.715063758934377,53.17460317460318
kulshekhar/ts-jest,24.994284156808945,20.34730786918359,57.69447222222223,44.73684210526316
kumahq/kuma,26.0054022449193,29.002708513500533,72.33762745260141,68.29268292682927
labring/sealos,27.297543481242993,15.25060765552787,55.65493600217865,55.96330275229358
labstack/echo,12.608624135278225,58.248301600396196,127.41776725589227,57.89473684210526
laravel-shift/blueprint,24.39126379907676,8.178091121369183,20.712587005108556,54.83870967741935
launchbadge/sqlx,14.085644533650163,23.40002500079684,68.49498002904865,68.42105263157895
lcobucci/jwt,5.912500371546728,161.64255674623732,76.0596350308642,28
Leaflet/Leaflet,4.550865683287274,332.9391403607306,279.4727276331019,61.224489795918366
LeelaChessZero/lc0,19.6912956294101,16.463063254088368,65.70459810025542,23.28767123287671
leeoniya/uPlot,22.400665646755783,9.687422735235236,16.185353240740742,82.6923076923077
LeetCode-OpenSource/vscode-leetcode,9.967731933248816,43.07458720750039,28.62859760802469,47.61904761904762
leits/MeetingBar,12.636561901169776,26.839356852864714,41.76909907407407,36
LemmyNet/lemmy,59.936101836725534,47.3924007872607,40.83121521990741,46.116504854368934
leongersen/noUiSlider,9.857503183674568,31.833120795355907,42.081595355436086,19.607843137254903
libgdx/libgdx,3.3797518114438008,254.74135930488276,353.3998442425138,72.22222222222223
libgit2/libgit2,6.719627088626186,141.17283701257813,183.3817254273504,23.076923076923077
libjpeg-turbo/libjpeg-turbo,5.2508116540827565,733.8604169801739,136.74945370370372,48.648648648648646
libp2p/go-libp2p,26.91417174161966,489.07667403072895,90.49271029504081,36.36363636363637
LibreCAD/LibreCAD,3.5766590773051985,133.25678157829688,922.0069939557612,54.054054054054056
libreddit/libreddit,44.938015263596945,7.794703973714868,42.50968460648148,47.19101123595506
lingochamp/FileDownloader,16.067709921994297,13.523532118055556,37.764394290123455,70
lingui/js-lingui,20.217306634841908,24.338176120432,53.987808779761906,38.775510204081634
ljharb/qs,9.624249129505824,162.8976058106169,201.71979433760683,39.473684210526315
locustio/locust,8.28061513355079,119.96383250430665,172.61739676861202,53.65853658536585
lodash/lodash,48.18245166915989,69.2638061237893,39.336821801732924,11.611374407582938
loft-sh/devspace,70.93729976890424,9.316977193883629,55.23582065217391,58.415841584158414
logaretm/vee-validate,35.5013537463,41.03070281384894,20.417974426280345,45.248868778280546
logisim-evolution/logisim-evolution,4.00091887088604,63.22865671188419,103.28266339869282,82.14285714285714
louislam/uptime-kuma,55.5326522999693,14.966173431668103,26.01801697530864,48.57142857142857
LSPosed/LSPosed,14.718891922514487,32.021881273841544,24.937147550776583,51.785714285714285
lucas-clemente/quic-go,11.554940258412287,66.04180369312051,87.99984630463797,54.3859649122807
ludwig-ai/ludwig,7.027137487611706,97.6270522293089,117.13634331597223,72
lutris/lutris,4.740271359861531,123.02082419360482,150.5345454314204,71.7948717948718
lvgl/lvgl,7.797320896602422,58.95151592686642,42.3241351010101,42.857142857142854
lwouis/alt-tab-macos,71.33842708528863,5.2827071642349415,35.434917625959294,45.65217391304348
LycheeOrg/Lychee,10.347313825447324,66.03105924974632,81.62512806152927,69.6969696969697
mapeditor/tiled,8.862972377933135,293.436496121586,211.7431958473625,87.32394366197182
mapstruct/mapstruct,4.05813861494351,97.02949497607226,174.21472603640575,88.88888888888889
marko-js/marko,54.98899795692931,118.36473652840596,33.86642472400285,22.198275862068964
marktext/marktext,5.434034489818286,129.8670509181056,134.28863110269359,68.18181818181819
marmelab/react-admin,42.63072857187341,23.286790836384924,46.169418107966465,82.55813953488372
MarshallOfSound/Google-Play-Music-Desktop-Player-UNOFFICIAL-,12.84240853715474,27.659090818008107,63.4980988136574,22.80701754385965
marshmallow-code/marshmallow,18.547171087245896,27.43810353105052,104.37265968605324,52.09580838323353
mas-cli/mas,5.185698461757428,68.57116822886154,329.6483986928104,61.29032258064516
Masterminds/glide,7.6263981814322115,46.44126356066889,22.227298954046642,52.63157894736842
mattlewis92/angular-calendar,24.871177473546673,21.30003796709656,112.37536022079773,39.189189189189186
mborgerson/xemu,39.46560979446217,81.49836977957749,133.3876694116683,22.61904761904762
mdx-js/mdx,46.4617446187802,19.8831220079306,139.8399288479053,28.251121076233183
meetalva/alva,41.635216083935994,56.09184779000699,80.52325603505291,10.76923076923077
mermaid-js/mermaid,12.02335224304168,47.29164992394399,67.96188561489667,78.125
mesonbuild/meson,13.549515176892168,43.500474224954786,159.68204774546015,61.06870229007634
MessageKit/MessageKit,10.547613665955978,43.50638884147845,88.17941737604541,60
metafizzy/flickity,4.796846617062697,42.38308817340067,49.655495515046304,27.272727272727273
metalbear-co/mirrord,143.46649176879188,1.5674992985409653,6.252903215715716,46.478873239436616
metallb/metallb,9.28864694224225,77.96053053542674,175.0126050177015,28.88888888888889
metricsgraphics/metrics-graphics,3.3757525211334998,212.28921827809572,66.85698702050264,44
mgba-emu/mgba,4.04144443119176,193.90082020490934,452.56954119646986,25
mgechev/angular-seed,32.74292348328649,20.261554551389388,25.396500771604934,52.459016393442624
micrometer-metrics/micrometer,18.309283903945808,55.316993201008756,67.69710978835978,58.51063829787234
micronaut-projects/micronaut-core,25.922215475333683,34.61901232508719,38.21277046783626,70.1923076923077
microsoft/bond,4.320668180044627,135.757329771353,139.20387713109935,40.74074074074074
microsoft/DeepSpeed,20.28991288422152,15.308991272404256,28.21621203139115,77.55102040816327
microsoft/LightGBM,5.111025662436369,63.74039031882216,127.68922305318141,85.18518518518519
microsoft/onefuzz,41.22921159573953,6.947826388888888,27.80508883349161,71.5909090909091
microsoft/playwright-python,27.5702141806353,13.741225282485873,53.75373498498499,49.20634920634921
microsoft/playwright,31.328192179203757,17.38614059573567,74.15331509539843,52.87356321839081
microsoft/vscode-react-native,13.454739425088198,33.61975476930419,35.80896536855483,64.04494382022472
microsoft/windows-rs,23.28003093816897,11.25147037776165,28.085141924711596,77.5
midwayjs/midway,97.93145842781166,24.00414682440466,77.39677799823633,11.764705882352942
miguelgrinberg/Flask-SocketIO,7.751720564926995,46.8504280850357,184.544704378858,26.470588235294116
mikf/gallery-dl,18.159656889245337,13.714352496134309,15.62253851010101,67.96875
mikro-orm/mikro-orm,40.57174796371134,43.446746576710446,59.12904850589226,59.44444444444444
minbrowser/min,8.63992242549824,35.97946751829775,128.27560706018517,66.66666666666667
mindsdb/mindsdb,27.72147092126795,112.94764813621612,169.78166487350026,61.46788990825688
mishoo/UglifyJS,18.282906213172097,39.15957540531836,21.116455672329696,81.4207650273224
mitmproxy/mitmproxy,4.79535676382555,160.5672334010511,158.05085854828042,62.5
mjmlio/mjml,16.509744688276683,25.92807854670797,82.92847415123457,21.296296296296298
mkdocs/mkdocs,4.895923731622758,87.559077628688,234.32929338134434,43.24324324324324
MobSF/Mobile-Security-Framework-MobSF,5.68282740159291,75.74633529517526,108.70603713768115,61.904761904761905
mobxjs/mobx-state-tree,19.56990626328843,15.175056042305386,54.508192716970704,66.66666666666667
mochajs/mocha,14.4603257022735,173.39939711039952,216.28094159644198,63.924050632911396
mockery/mockery,2.851672545244317,157.15525410437803,559.5797903806584,20
mockito/mockito,35.88471424512443,86.41889753054225,140.45202122854565,7.7405857740585775
mockoon/mockoon,6.875701854530035,35.37663369948244,57.82231425477897,86.20689655172414
modin-project/modin,12.935023296910133,25.06992698120915,57.929894788681956,81.48148148148148
moment/luxon,22.586335116083728,11.60264495931176,82.95328110161444,37.5
moment/moment,6.376903953186608,44.41482696029474,255.26147056878304,55.55555555555556
monkeytypegame/monkeytype,39.388207117236576,14.12431950552665,19.867029337335214,68.08510638297872
MontFerret/ferret,10.009169442516052,45.10877375542981,71.35588310185186,68.42105263157895
moonD4rk/HackBrowserData,15.027551225360613,102.14893654684096,29.225861247276693,53.125
mopidy/mopidy,4.543884452671332,72.58261396952629,185.99238188312484,70.9090909090909
mosn/mosn,7.93150708359504,31.843503144421092,58.94662403549382,81.81818181818181
Moya/Moya,12.44519960659518,34.06939356428777,99.40344655797101,40.65934065934066
mpdf/mpdf,5.515324569928427,115.34111542532115,264.35281510824205,33.92857142857143
mswjs/msw,54.34534412774345,10.38519148976212,37.5169517462093,40.397350993377486
mumble-voip/mumble,6.331412560385545,1799.6176952189724,479.90376647079773,43.47826086956522
mvdan/sh,8.848152372456308,38.81169968952087,49.24288262527233,60
mwaskom/seaborn,3.424173263282941,95.72573380437592,257.8993801580113,70
mysqljs/mysql,5.091813895192421,40.71473039721878,136.1165926464255,56.25
nanomsg/nng,7.839065460604662,64.25639784165699,75.30170390499195,66.66666666666667
natario1/CameraView,9.968032669624407,44.22337049062049,26.270078555949567,80.95238095238095
nativefier/nativefier,17.145469244329448,14.16820550548332,166.8228546844542,46.82539682539682
nats-io/nats-server,8.75942147154307,69.03220278439679,57.23090819542947,90.41095890410959
navidrome/navidrome,29.019932881073167,12.214504883512546,51.3347149691358,58.22784810126582
nccgroup/ScoutSuite,7.42014995793926,56.77385438798394,130.56804151061172,67.34693877551021
near/nearcore,39.41105416965727,31.630481740500187,90.64707544581618,31.944444444444443
necolas/react-native-web,36.67940740023314,14.713715109495602,106.36761220421812,43.86617100371747
nelmio/alice,6.332968830064871,144.89333638478848,163.93828660836763,20.634920634920636
NervJS/taro-ui,14.661573133154945,25.909795787069168,43.29400620791245,25.806451612903224
nervosnetwork/ckb,38.90640367301323,22.66361044805245,33.93015946502057,31.41025641025641
Netflix/conductor,44.83790709681713,29.008452378422643,77.43117247554157,25.85551330798479
Netflix/falcor,8.678381536923634,110.05204602515956,161.96134755291007,25
Netflix/Hystrix,17.86694149446511,29.08120324527353,58.44107754629629,44.85981308411215
nette/nette,6.966565268288693,547.0405481585124,301.1344304251434,14.084507042253522
networknt/light-4j,24.332372155238627,16.441227987547432,25.810609788359795,28.859060402684563
netz98/n98-magerun,15.053175760133826,30.65155922850514,154.59829646776407,37.93103448275862
nextui-org/nextui,39.24979218591378,13.664848992689683,30.844341666666665,88.88888888888889
ng-bootstrap/ng-bootstrap,20.612629420713354,20.65552706273027,76.96532994204868,68.46153846153847
nghttp2/nghttp2,12.293550255327023,28.126975371073684,18.156776895943562,34.234234234234236
nginx/unit,6.781383615358471,28.585570157939387,88.92644386574074,50
ngrx/platform,18.495491232902182,16.4885893430308,52.76027227166487,46.464646464646464
ng-select/ng-select,45.29328820560305,3.299501712360508,22.7829729652492,39.49579831932773
ngxs/store,6.359849244401768,52.9807539241313,236.9570651103231,62.06896551724138
ngx-translate/core,15.291913247426042,13.448093915343913,62.08509085648148,25.806451612903224
NG-ZORRO/ng-zorro-antd,24.05876374453815,10.203485163549528,47.90301084041692,66.92913385826772
nightwatchjs/nightwatch,28.33287925507911,19.67407053681708,98.98540603103105,32.231404958677686
niklasvh/html2canvas,5.130911771725915,473.42610632824403,249.33912081552705,23.25581395348837
NixOS/nix,2.466120307231923,310.4365554624734,255.05490631256257,51.16279069767442
nltk/nltk,2.777023223688864,227.33034991086046,359.87066998602376,78.57142857142857
nock/nock,31.586585284601583,187.66952580724072,185.64660135582008,21.77777777777778
nocodb/nocodb,23.57913547135363,27.071266135688727,21.0249435325477,33.035714285714285
node-inspector/node-inspector,5.677372320718179,48.66761711543919,129.85418069584736,50
nodejs/node,48.196224587346194,72.38804653571405,157.4875345472362,45.45454545454545
node-red/node-red,17.001192940107284,34.580671296296295,63.89977711640211,48.32214765100671
node-webrtc/node-webrtc,8.010255609264814,28.01972510863136,56.18102083333333,37.03703703703704
notepad-plus-plus/notepad-plus-plus,7.347517102584889,322.0951743190997,300.90129832957956,68.75
Nukesor/pueue,18.405063528089805,46.259318517471094,35.28480555555556,48.148148148148145
numba/numba,10.117861381274976,61.75566235456245,153.4884755153448,68.31683168316832
nunomaduro/larastan,27.35487101990364,12.615463173400672,66.07136823710967,31.35593220338983
nunomaduro/phpinsights,11.072159081269051,56.54867213376995,127.08503240740743,40.54054054054054
nushell/nushell,20.1517017112243,42.114438166264456,53.80470265990684,74.60317460317461
nuwave/lighthouse,37.03722009058182,37.97051299545159,51.280399575977846,30.833333333333332
NVIDIA/thrust,5.541011028628619,1645.9247747672346,576.1295380523067,49.01960784313726
oblac/jodd,7.076459412453139,43.77113352154377,59.540007397861785,54.54545454545455
occlum/occlum,15.748047551836148,22.359932317614803,22.87302205165692,39.583333333333336
olivere/elastic,48.231858593323935,12.84775233724036,44.80706696998723,10.802469135802468
oliverschwendener/ueli,18.242398765915453,35.996023804852534,62.077106481481486,21.11111111111111
opencontainers/runc,4.921078366206797,75.85130625769685,148.70126543209878,77.14285714285714
opencost/opencost,20.821463919341447,103.96932921296296,50.76042695473251,21.428571428571427
OpenFeign/feign,14.798413583019967,50.07065975458216,184.93250511412577,35.64356435643565
openkraken/kraken,16.155651874952092,29.50375696453631,43.9668076223545,92.5925925925926
openkruise/kruise,7.629091160614102,33.64272558001151,54.6936412037037,76
openlayers/openlayers,15.323655813859917,77.10432593613636,51.08937307098765,59.12408759124087
open-mmlab/mmdetection,12.172614221686388,212.33985979462875,153.42031685906687,75
openmv/openmv,5.6097391887525,365.05288819011577,119.76766927083334,45.45454545454545
open-policy-agent/gatekeeper,19.08589945568415,24.582912287003428,69.08651218220339,61.19402985074627
open-policy-agent/opa,21.686601286368756,18.42148921204836,42.45915337478598,71.94244604316546
Open-Web-Analytics/Open-Web-Analytics,1.8939209880266776,71.78039144988786,215.40111749680716,39.285714285714285
openzipkin/zipkin,30.556756904515314,15.934824779541449,56.00708475471085,28.8659793814433
operator-framework/operator-sdk,20.544753895529247,21.335683745933338,70.51341093223905,44.21052631578947
OptimalBits/bull,18.167403498054735,20.459161058610157,144.17090524034674,35.333333333333336
optuna/optuna,10.580005469855752,65.74623312324725,117.51320144272178,86.36363636363636
ory/hydra,24.18556183657001,29.470493966736527,74.26024824393359,38.19444444444444
ory/keto,11.875204166262648,46.404845073579416,86.77331250000002,21.73913043478261
OSGeo/gdal,3.847334988074112,146.5036207823027,104.21130535816826,30
ossf/scorecard,15.405722293450022,22.793549377316438,41.691784076745016,84.61538461538461
osTicket/osTicket,9.339164058963473,226.17835680895743,195.94834145549058,42.857142857142854
ovh/cds,13.274215376581157,31.36378844139129,83.99703997648442,79.16666666666667
p0deje/Maccy,9.451071111356441,17.70258467348928,83.60351912768031,67.44186046511628
PaddlePaddle/Paddle,8.460408581718093,86.36512914042821,122.65457794887278,46.808510638297875
pallets/werkzeug,4.196732819294078,138.78404930309767,507.8732878352491,40.35087719298246
panjf2000/gnet,22.282230755575455,16.197238756613757,15.744513406635802,57.57575757575758
parallax/jsPDF,3.99004804594697,219.24506104487105,415.7630954861111,38.70967741935484
paratestphp/paratest,8.112002167133339,55.33720823454396,418.84812678062684,50.617283950617285
paritytech/polkadot,57.03538581835468,22.695775222519497,67.07523900462964,28.68217054263566
parse-community/parse-server,38.508430590749136,22.845250911116263,497.07046655739595,31.93916349809886
payloadcms/payload,154.88561667934187,6.540553125232567,9.890511889730641,34.61538461538461
pdfcpu/pdfcpu,11.660623005992107,28.690997812158148,75.25942830165692,75.51020408163265
petkaantonov/bluebird,42.848114340127616,76.60426769947371,109.59956069958848,22.09737827715356
petyosi/react-virtuoso,56.68085446424052,2.611898832721993,10.993040699281371,28
phan/phan,26.33514914645861,16.693619586147513,72.33886113957195,80.95238095238095
photonstorm/phaser,14.844497075050866,32.12824509701999,86.83680125661375,32.394366197183096
photoview/photoview,13.417544488031957,16.59389704599386,50.32143484477124,80.76923076923077
php-amqplib/php-amqplib,6.760814162909369,46.32705166385551,62.295094521604945,45.45454545454545
PHP-DI/PHP-DI,9.728263526862621,63.86284035194554,78.59986791938998,35.869565217391305
php-enqueue/enqueue-dev,27.21506859249346,26.213363092859044,32.9437796217828,41.78082191780822
phpmetrics/PhpMetrics,6.256730707421654,51.86972873263889,111.90461105019493,39.21568627450981
phpro/grumphp,10.79010979319925,32.58391256795787,118.22866306584363,60.24096385542169
phpspec/phpspec,9.68346183377557,49.41528936077902,133.9112506430041,29.032258064516128
php-telegram-bot/core,9.198440735390184,80.81583466435185,74.49215596064815,68.18181818181819
php-webdriver/php-webdriver,3.906159818121052,80.56652076539328,145.8040933641975,48.38709677419355
picotorrent/picotorrent,5.47762777146627,65.21395601851852,102.23262232905984,63.333333333333336
pi-hole/AdminLTE,4.154726438602762,162.92872934087166,266.05867311507933,61.76470588235294
piskelapp/piskel,6.866206229459369,38.61191765124854,87.58792641325535,43.333333333333336
Piwigo/Piwigo,3.1895624135211347,138.93031108752226,292.37062295288484,44.067796610169495
PlasmoHQ/plasmo,101.37475572902558,1.7066688116688116,8.483405970625798,56.81818181818182
platformio/platformio-core,14.070629710069023,26.250527570537376,67.42570129008583,81.35593220338983
plotly/dash,15.119560154629117,309.6753143540992,234.8376133294753,57.69230769230769
plouc/nivo,23.693564583755833,47.73651164817011,101.07203767123286,42.5
pmndrs/react-three-fiber,84.62642905437627,17.437047447802865,88.31577942251461,14.102564102564102
pnpm/pnpm,114.67785329009425,58.817248784285624,52.8965234046191,46.111111111111114
pointfreeco/swift-composable-architecture,25.736731077698533,10.410346813891143,45.891076940035276,71.21212121212122
polybar/polybar,17.65300003733419,91.45275316822847,373.112678125,47.61904761904762
pomerium/pomerium,24.360022859803678,32.84383480280622,48.642134511211886,38.46153846153846
ponylang/ponyc,14.700957612359835,56.72827001261348,233.6998532642812,33.333333333333336
portainer/portainer,14.006231765987803,46.06738194316307,181.27298932003683,71.96261682242991
postmanlabs/newman,16.963095550264754,17.990076595399717,84.7380492992993,25.56390977443609
preactjs/preact,28.443596942596642,37.195604370366816,150.07960284664833,37.254901960784316
pre-commit/pre-commit,21.150540758087818,12.640247766001663,54.4235367602657,53.21637426900585
predis/predis,2.98664816729662,835.3640303767597,285.66442956349204,23.68421052631579
PrefectHQ/prefect,29.10134465971121,86.12052855886434,24.45125367647059,22.580645161290324
prest/prest,5.781965677207051,449.3585475413284,411.0664817782526,39.39393939393939
prettier/plugin-php,10.94501082322606,29.0588685034492,96.39904672873423,40
prettier/prettier-vscode,14.552380888841817,269.1921185140356,196.7082892071759,21.686746987951807
PrismJS/prism,5.648552486107985,72.05646280852498,165.77321176137968,82.5
projectcontour/contour,17.972895289431293,19.101041362840053,55.82914890447378,60.22727272727273
Project-OSRM/osrm-backend,20.89241904069062,36.46704146079097,69.86270968439257,35.74660633484163
prometheus/alertmanager,9.563588983572597,53.326036993588026,103.80508365821963,53.84615384615385
prometheus-operator/prometheus-operator,17.80917356219209,24.157225891050473,79.09704384962495,74.52830188679245
protocolbuffers/protobuf,11.751522522602533,200.0215809915484,339.95707303779074,36.458333333333336
psf/requests,9.140427752401033,48.245706869658854,88.71687990426868,59.61538461538461
pterodactyl/panel,15.827073818782914,80.79995515046296,56.046132350988984,65.97938144329896
pugjs/pug,11.22219446221477,40.02554508012427,110.88478298611112,37.68115942028985
pure-css/pure,3.2796741112026497,98.94620627572016,245.73835537918868,25.806451612903224
pyca/cryptography,8.007362194100814,64.3840231737887,124.14352026808784,34.285714285714285
PyCQA/bandit,4.746316405304375,95.63652820018923,346.67687860082304,66.66666666666667
PyCQA/isort,16.495475263424257,58.88814650853653,103.8665979030501,62.96296296296296
PyCQA/pycodestyle,3.4485910721358097,90.34053796421875,417.11636342592584,44.44444444444444
pydantic/pydantic,7.506106655477643,63.84162510085293,149.5117804492559,80
pyeve/eve,3.706729127302257,151.62935436886434,180.16174953703702,38.888888888888886
pymc-devs/pymc,13.180088233734148,215.42464136445471,243.4306836484594,50
PyO3/maturin,56.04891824251143,7.306055106621773,22.989455206302793,49.36708860759494
PyO3/pyo3,12.82274129778125,39.69688707422195,94.52323183760684,67.16417910447761
pyodide/pyodide,14.162092279052226,30.41819227499383,98.22693424098442,50.87719298245614
pypa/virtualenv,8.384729392448193,66.41592802482002,83.20519315013938,16.23931623931624
pyro-ppl/pyro,5.7410217783861786,45.618487910900626,73.20171379820542,79.3103448275862
python-attrs/attrs,2.786501371074936,129.9695094890297,248.382611260454,72.22222222222223
python-pillow/Pillow,6.903667096332574,55.638166206893835,366.9894965277778,58.9041095890411
python-telegram-bot/python-telegram-bot,8.481148935351206,61.3177399910253,203.98527535529718,77.35849056603773
pytorch/vision,10.130784605523097,62.07957876661808,110.1032088744589,37.5
qarmin/czkawka,13.69611357142578,17.498122707823963,27.02247916666667,76.92307692307692
qdrant/qdrant,21.777845679408284,16.668926787005145,35.86580699233716,47.05882352941177
quantopian/zipline,3.1448709452505574,129.06677596306056,193.89268944931777,60
questdb/questdb,8.03603673092588,68.7992725317723,49.37103161050394,85.71428571428571
Quick/Nimble,8.394594707900197,68.14474878167641,233.9634177812071,44.776119402985074
Quick/Quick,4.8454877514197765,66.55970150036723,193.07308891612203,46.15384615384615
quickwit-oss/tantivy,5.599688049325434,97.82390990735563,85.28694671792329,74.19354838709677
quilljs/quill,21.10474554178124,82.4897423302103,60.292380370370374,17.985611510791365
qutebrowser/qutebrowser,10.734700349052641,60.33946058272042,205.60687858360453,60
racer-rust/racer,9.789269867236523,55.26769712123187,142.43042222222223,32.78688524590164
railwayapp/nixpacks,182.18142376051304,1.0262264915133066,7.710886015325671,32.432432432432435
rancher/rke,80.69947135533818,17.845285045219637,44.91460187892571,22.413793103448278
rancher-sandbox/rancher-desktop,17.63081570433102,23.066502697858738,31.149987310992184,76.92307692307692
randombit/botan,5.096014909161664,63.12366588276705,94.42424520502645,54.76190476190476
ranger/ranger,1.8633514774642734,165.6139429299356,363.8538600589225,55
RaRe-Technologies/gensim,5.582777989690367,48.0632345498812,164.6060322891322,85.48387096774194
react-boilerplate/react-boilerplate,5.900804245762809,57.15209593086259,92.45011761761761,55.172413793103445
react-bootstrap/react-bootstrap,21.672122777705802,56.27706583113871,93.75028122537431,55.78947368421053
react-dates/react-dates,46.06387974546259,11.590857030836103,48.80806093884582,37.34177215189873
react-dnd/react-dnd,20.091378395551892,316.40044885328217,227.09335519547324,18.666666666666668
react-dropzone/react-dropzone,21.992212921849145,6.500123732821841,75.44995163690477,19.886363636363637
react-hook-form/react-hook-form,119.98212245480926,33.61391065780278,7.981184632393588,45.4954954954955
reactioncommerce/reaction,20.697575913335896,64.8289004012051,84.80269404004909,48.85057471264368
ReactiveCocoa/ReactiveCocoa,13.245999482250214,99.79993198852351,131.97158314814814,34.42622950819672
ReactiveX/RxJava,16.946044503718316,63.64571189865628,81.71553251659678,55.063291139240505
ReactiveX/rxjs,22.734279443653833,20.813649551701022,152.2838056445869,54.088050314465406
reactjs/react-docgen,10.139616376901415,54.59490675816053,162.94306834795321,33.78378378378378
reactjs/react-modal,13.509606727694731,24.94561334190361,143.64581896551724,25.68807339449541
react-native-device-info/react-native-device-info,39.90039224378178,9.517925234067867,140.26759645061728,6.5
react-native-elements/react-native-elements,14.173402897845403,70.05926357744455,173.95208054969524,60.91954022988506
reactor/reactor-core,19.47508248319865,21.312668399696978,48.558729040227206,63.28125
react-page/react-page,78.87345980940951,5.146929434986429,51.06812231316138,24.152542372881356
reactstrap/reactstrap,22.354615317886644,33.31976151968313,69.86554453262787,36.241610738255034
react-toolbox/react-toolbox,22.179016239604326,26.248080964789736,107.7672930781391,40.35087719298246
realm/SwiftLint,15.20280678574291,22.809793646467714,118.6383708944794,78.0701754385965
rebing/graphql-laravel,14.159582890369308,19.536049415351908,158.2297894408832,25
recharts/recharts,25.194644180765117,13.775235078368539,54.54317600439422,45.833333333333336
RediSearch/RediSearch,25.28925778097359,48.658892182555945,125.10354123799726,32
RedisGraph/RedisGraph,16.567251399055003,48.61421545620811,85.63140813492065,71.21212121212122
redis/redis,13.749128039188312,231.9177073402739,943.4655101495727,15.116279069767442
Redocly/redoc,32.29725609033594,25.787390894048542,136.30222261126673,47.906976744186046
redux-form/redux-form,21.979379617008213,71.10647216313023,80.76490324074074,21.25
redwoodjs/redwood,61.538542273290076,11.96705317225129,38.26501166894354,55.367231638418076
remaxjs/remax,89.01010969615402,3.725667784998503,17.549368895865044,42.06349206349206
remkop/picocli,11.732453157429262,50.20491158426152,64.48859729689367,52.30769230769231
remotion-dev/remotion,76.47381564256528,24.78255596964993,17.128103038936374,51.38121546961326
remy/nodemon,13.92648435998904,92.93701496277204,60.29881147540984,50.39370078740158
requery/requery,13.124660683031674,34.953140608191184,22.597107732732734,90.47619047619048
resilience4j/resilience4j,5.090223609341257,56.58423891556316,88.24763941498317,40
Respect/Validation,12.737743593662783,256.05253669351094,389.54899636243385,18.42105263157895
responsively-org/responsively-app,14.478218831854196,19.677225033068783,39.77167695473251,48.648648648648646
restic/restic,5.220394809008569,85.01842190461012,210.44006127450982,85.29411764705883
restify/node-restify,9.428655174013034,66.42497110669927,486.0574642255892,19.444444444444443
RevenueCat/purchases-ios,29.15647050588606,10.789266554186227,30.560568639291464,41.891891891891895
richardtop/CalendarKit,19.686293835271762,12.380378298788086,67.38956514550263,17.857142857142858
riot/riot,25.106568869423032,30.815066309674506,46.085294436416184,29.20353982300885
RipMeApp/ripme,38.25177251774917,12.646443100388302,38.264065924981104,59.40959409594096
rizinorg/cutter,6.108697320603081,41.25118985088134,80.4276766185477,83.33333333333333
rjsf-team/react-jsonschema-form,21.46294896166567,17.755530459208252,248.77622011090762,62.32876712328767
roadrunner-server/roadrunner,39.08788857534365,16.0893303931423,24.259995854063018,32.758620689655174
roboll/helmfile,73.27463263522482,5.6651069650930275,26.05644135802469,43.75
RobotLocomotion/drake,13.123909410036223,676.6131454208881,647.302127938707,90.47619047619048
rollup/rollup,78.0352577486416,5.797346131810453,55.78992681775259,58.77342419080068
roots/sage,5.556957770905051,65.83900113116896,99.99453567538126,34.375
rsuite/rsuite,35.04224703464051,29.211687507443134,131.9824803141817,54.54545454545455
rsyslog/rsyslog,12.249292869694251,26.48463035542771,93.39536326549323,68.53932584269663
runatlantis/atlantis,19.747631320097106,28.62197906725102,81.87804092417889,72.63157894736842
rust-lang/regex,12.291089833660248,43.600951255173264,86.3531782844165,33.333333333333336
rust-lang/rust-bindgen,14.413214542171652,53.49509943685704,140.67542835533553,54.76190476190476
rust-lang/rustfmt,8.727990206120946,100.43014875230313,182.49308491625814,86.36363636363636
rust-lang/rustup,8.817615860703306,50.54039839432687,143.96266692150866,76.36363636363636
rustwasm/wasm-bindgen,18.669178002987067,12.83103258094681,51.76542179951691,78.3132530120482
rust-windowing/winit,5.298447660810824,126.69120906897363,161.11126478494623,75.86206896551724
rwaldron/johnny-five,10.21568770808121,38.72914378716241,142.10745515046295,19.047619047619047
sabre-io/Baikal,3.4375563869632377,173.8714304555327,260.11636316872426,36.36363636363637
sabre-io/dav,19.67756017884071,468.1276036880395,170.28373325892858,43.373493975903614
sampotts/plyr,29.541970163695968,46.1578992228836,49.68973568594104,44.54148471615721
sanic-org/sanic,11.25077874642625,62.426546868944804,188.52849275686978,58.8235294117647
sanity-io/sanity,106.97496990221916,19.36470599942266,241.40311274509804,11.821086261980831
schmittjoh/serializer,7.5015378689351415,74.18165554691596,285.6932928240741,25.35211267605634
scikit-image/scikit-image,4.028580447484937,174.72504585775206,296.5531174469657,46.51162790697674
scrapy/scrapy,7.496461035028559,120.8040645304559,266.37873877879406,51.64835164835165
seata/seata,8.901215956672619,51.70461952215933,45.9646048664944,70.96774193548387
sebastianbergmann/phpunit,20.303907844965508,159.12956655286663,114.73742791265676,20.77922077922078
securego/gosec,6.492122531904913,32.89601903500864,133.58334123757905,59.25925925925926
seed-rs/seed,7.539945126433094,69.1966086195029,96.75957353988605,76.92307692307692
segmentio/evergreen,50.09594103697997,8.2890456070313,58.124865623038296,38.75
segmentio/kafka-go,13.602207119812164,40.54734721767445,91.95315610532408,52.72727272727273
Seldaek/monolog,6.06111352582455,146.3991841558611,191.1562691636308,55.223880597014926
select2/select2,5.067774298411291,90.87300654933692,438.9006597222222,69.76744186046511
Semantic-Org/Semantic-UI-React,45.461128289128006,9.021813066310958,55.95533229048161,64.68646864686468
semi-technologies/weaviate,27.48582839543082,55.770455025472366,42.07580215243228,68.8
sequelize/sequelize-typescript,14.766070945332956,27.201075513085843,50.93191794590643,13.414634146341463
serde-rs/serde,32.551732177695136,54.73347506640292,125.34302620101984,38.967136150234744
serenity-rs/serenity,13.984501003107667,44.56482741670242,105.61859400912107,44.30379746835443
SergioBenitez/Rocket,9.521184867618746,247.86373390873302,231.96256944444443,35.714285714285715
serialport/node-serialport,13.22989281811554,71.26839399241761,115.07217726139602,24.56140350877193
shadow/shadow,3.110884120750248,367.746006154058,149.0845528628118,79.41176470588235
shanalikhan/code-settings-sync,7.904487846981759,53.25157704604525,74.29548755787037,55.55555555555556
sharkdp/bat,8.471521049076031,46.7529434415813,104.22797565710874,62.16216216216216
sharkdp/fd,5.785269608565358,49.244846120410806,147.38384439300413,78.125
SheetJS/sheetjs,13.270123751479812,292.37613390793825,212.68920824759945,50
shipshapecode/shepherd,20.36725835772934,40.3643822258616,132.04163786606375,24.444444444444443
Shopify/polaris,79.43938882146655,68.79756804516803,235.6835458572797,32.951945080091534
Shopify/react-native-skia,72.75165999216831,9.99585537637674,9.368070480019492,56.45161290322581
Shopify/sarama,7.68967016887595,36.68621221972585,99.56800715488215,46.55172413793103
shopware/platform,20.973914890496207,37.10142122303886,66.46363148148147,41.42857142857143
showdownjs/showdown,7.949708935998256,53.73657853117092,106.13024636243387,39.6551724137931
siderolabs/talos,46.786060789488765,10.632136302180248,58.01613304093567,29.302325581395348
SigNoz/signoz,45.06708961176428,12.270053675495534,31.995272633744857,42.25352112676056
sigp/lighthouse,25.05309706294268,21.108687627820476,66.56177292503347,68.05555555555556
sigstore/cosign,21.241469304498267,14.243441004881346,38.70468885281385,69.6969696969697
simdjson/simdjson,12.701134915341834,43.90687674897119,43.801238253178546,42.5531914893617
sindresorhus/caprine,16.324346856144626,10.337503186694404,96.294049250731,48.717948717948715
sindresorhus/got,18.60031508353376,27.694876698532948,67.4939946959755,35
sinonjs/sinon,14.457775432135076,41.66851126014241,168.51293829191033,12.92134831460674
sktime/sktime,9.216239526838917,58.393352286820885,57.404319772112295,96.66666666666667
slimphp/Slim,5.863380867183066,155.89425597443196,271.3713999118166,37.142857142857146
smallstep/certificates,42.22219553258847,29.234726364485926,59.50146596170034,34.11764705882353
smallstep/cli,53.4470642064721,20.88951207116572,68.4236977820844,22.36842105263158
smalot/pdfparser,6.347406178765601,44.675154523480664,401.0482613570602,38.18181818181818
snabbdom/snabbdom,6.778339102772816,52.41674283154122,231.22130476513098,34.04255319148936
Snaipe/Criterion,3.382671437129165,168.4730260896443,523.8406361289175,45.833333333333336
snapappointments/bootstrap-select,8.573909537256792,58.18820513310894,158.68511904761905,51.351351351351354
sofastack/sofa-boot,11.512860062820074,40.662135248316496,57.63210787037037,24.528301886792452
software-mansion/react-native-reanimated,17.673603378208895,20.03816206588208,61.875908503898636,49.35064935064935
software-mansion/react-native-svg,25.164444297641428,27.279156505021973,143.06804253472222,14.545454545454545
sonata-project/SonataAdminBundle,22.979472679371998,192.01261972575992,152.27875629467187,46.118721461187214
soywod/himalaya,15.713631463680924,21.23704944667261,53.360555073302464,72
spacecloud-io/space-cloud,15.984662938456445,129.60637368109386,48.22746610449736,58.8235294117647
spec-first/connexion,17.213711692541448,20.587100789031975,211.21906370563272,47.58064516129032
spencermountain/compromise,26.696746667875576,49.64851494323808,40.55646207788671,32.327586206896555
spesmilo/electrum,10.66057590489698,37.65418221237175,90.98366833398082,68.57142857142857
sphinx-doc/sphinx,8.162514725427052,84.35950845948175,175.04666258169937,27.73109243697479
spotbugs/spotbugs,6.094499100361448,71.35128373282556,158.08732227366255,45.45454545454545
spring-cloud/spring-cloud-gateway,14.71112068806085,38.42460985848521,105.51689069948661,51.89873417721519
spring-cloud/spring-cloud-kubernetes,13.275649676175467,46.295522650140185,87.02133638211382,47.36842105263158
spring-cloud/spring-cloud-netflix,15.027809845274833,31.982831785058774,56.00025991030092,46.721311475409834
spulec/moto,11.100698940462626,182.08230000506651,164.82753550612367,82.24299065420561
sqlectron/sqlectron-gui,8.300349979199812,26.317921436347877,137.0539530974427,60.37735849056604
StackStorm/st2,8.542645858833255,57.591712286911985,178.32727833132046,80.3030303030303
stanfordnlp/CoreNLP,2.553126702382282,81.92507805425461,218.6490343915344,23.80952380952381
starcoinorg/starcoin,38.239182450155134,8.616030020943562,21.820521325847125,52.747252747252745
starship/starship,38.567744257463936,12.113702913629496,69.6246553786933,64
statamic/cms,82.36528352035968,5.962282345153099,111.16547712023618,37.80487804878049
steemit/steem,19.395327181290863,46.609129189958765,96.76977449223419,32.5
stellar/stellar-core,17.966545577873635,30.078595835457012,86.82070849161128,65.07936507936508
stitchesjs/stitches,31.98775745361909,13.242691865398356,28.67199074074074,47.05882352941177
stoplightio/prism,28.104093108408527,40.649168042193295,46.78255866311517,16.847826086956523
streamlink/streamlink,8.66340988148964,33.40525877568493,66.46719878711356,69.81132075471699
strongswan/strongswan,12.456915792341018,58.38055215230784,28.8296670751634,15.270935960591133
styled-components/polished,16.339362292928463,17.1692779063786,61.49478656045752,39.02439024390244
styled-components/styled-components,29.49360039144503,41.960944521224214,47.48238607206605,45.65217391304348
styleguidist/react-styleguidist,39.73831436485061,21.635859698942298,40.63184718331777,25.357142857142858
stylelint/stylelint,26.417715733684755,13.668927603987568,94.77537377286926,68.04123711340206
stylus/stylus,7.542024435032992,152.65038169054552,218.13258288530463,45.97701149425287
summernote/summernote,8.604452531339568,56.45802801236829,153.04839406149978,91.42857142857143
surrealdb/surrealdb,13.977222327084828,75.41376719403131,14.420128141534391,15.384615384615385
sveltejs/svelte,63.27653386279077,12.001241681345652,66.01701244212963,67.98941798941799
svg/svgo,8.377957446935923,35.657440001162534,97.91161203205894,61.1764705882353
swagger-api/swagger-core,6.002898380135316,217.55737546886476,124.36742980884111,12.244897959183673
swagger-api/swagger-ui,27.46478550213229,28.81719134127398,95.44461002973777,42.4812030075188
sweetalert2/sweetalert2,89.95291016640402,1.8745837729908725,23.655155423280423,15.211267605633802
SwifterSwift/SwifterSwift,7.577432165264057,83.4449841839058,174.44535539215687,60
SwiftGen/SwiftGen,7.913211620697806,100.33988255894424,111.57728736772486,62.5
swimlane/ngx-datatable,23.542645471205297,11.558979719338716,13.160655193236714,20
swoole/swoole-src,20.43232887797669,16.6659938987104,28.132534605312383,59.58549222797927
sycamore-rs/sycamore,18.699513359632984,14.646853421668794,27.177464531063322,68.96551724137932
symfony/maker-bundle,17.543255680288524,27.527650391664768,126.6897304205247,62.06896551724138
system-ui/theme-ui,86.95291004331126,17.681866154267095,69.75731960408685,19.426751592356688
TanStack/query,175.27086281091485,2.109480962464707,47.415924961419755,27.127659574468087
Tautulli/Tautulli,30.480114916050596,53.82498140736788,58.96786441798941,28.571428571428573
TeamAmaze/AmazeFileManager,4.2803091498904475,234.23860602163754,280.1175855824278,69.6969696969697
temporalio/temporal,28.798741944844803,36.35503568926503,104.09551472479423,39.49044585987261
tenable/terrascan,11.45931002266023,41.136376315446974,43.23796957671957,36.36363636363637
tendermint/tendermint,36.95566091107869,110.23366413982802,118.2635896615472,49.73262032085562
tensorflow/tensorboard,7.643832826860126,57.27050835307423,150.21432106973995,62.5
tensorpack/tensorpack,10.677294250172725,24.96644277218432,35.27196593915344,61.76470588235294
terraform-docs/terraform-docs,6.069368349280206,32.19123767982859,39.64490329218106,59.375
terraform-linters/tflint,17.946411438722045,17.11138540960539,23.144845403439152,57.54716981132076
terser/terser,30.109323676476368,92.06545702561327,49.5208337370801,29.93421052631579
testcontainers/testcontainers-java,10.546940843130978,76.99243348424967,189.8989777073269,64.91228070175438
texstudio-org/texstudio,9.238547827348325,45.1504315520341,49.34216435185184,14.049586776859504
Textualize/rich,51.1269723670431,10.059681352715028,18.172083719135802,65.44117647058823
thanos-io/thanos,20.303373129491735,24.288288621773734,68.6954573120915,42.22222222222222
the1812/Bilibili-Evolved,69.97193328346548,4.354194812306371,27.001955795940173,70.03367003367003
thecodingmachine/workadventure,53.7624647266934,29.347331839585312,34.132536057692306,32
theintern/intern,14.030077777377038,99.03951870091969,123.97000212368333,31.623931623931625
thephpleague/commonmark,14.518083813207218,93.78459644668207,45.056799568965516,31.932773109243698
tilt-dev/tilt,52.32795527831524,3.990746694752706,26.81574349457216,84.83412322274881
timber/timber,14.851294598890783,127.63619853575359,191.8124723639456,37.410071942446045
timescale/timescaledb,15.98272594771445,55.77029102274756,92.58855405363556,80.89887640449439
Tinkoff/taiga-ui,64.6578734589758,5.218318406861688,23.797188464506174,67.42424242424242
tinygo-org/tinygo,7.7714535323919876,39.712666761864675,96.0984849537037,85.71428571428571
tldraw/tldraw,326.9117786785086,1.5954549467214572,4.900109549956934,31.901840490797547
tqdm/tqdm,21.73577165401094,33.69764924145671,200.49949966532802,76
tradingview/lightweight-charts,9.559144032616292,38.6404119457566,62.98742788461538,73.07692307692308
traefik/yaegi,13.807201700272945,35.830870043868465,59.716319092827,86.66666666666667
trapexit/mergerfs,10.244407435386375,38.51791358322608,12.406004718660968,34.5679012345679
tree-sitter/tree-sitter,15.714505067818433,28.61316088028023,110.50601144547325,66.66666666666667
treeverse/lakeFS,42.16399125633144,6.4619913265999775,23.502020378118704,83.50515463917526
tridactyl/tridactyl,14.50718328423788,50.70485058453131,141.57848699945336,73.97260273972603
trpc/trpc,179.70633790085316,3.6598277123673975,7.920056508714597,21.987951807228917
trufflesecurity/trufflehog,101.92484430013413,35.729001645119965,12.508420479302835,16.923076923076923
trustwallet/wallet-core,31.142202852342027,24.52744609281343,41.51303051549145,66.66666666666667
tstack/lnav,3.397968842449521,71.95406908408115,89.2519980374396,77.41935483870968
tuist/tuist,27.03751782871476,13.352558636090416,62.66941689068099,80.17241379310344
tuist/XcodeProj,16.857189466722918,14.59667232430038,34.14009683641975,44.18604651162791
turbot/steampipe,113.0622023995445,7.137385635109323,11.184196627922248,35.1219512195122
Turfjs/turf,11.513768568529821,175.72275522233915,430.81966851851854,50
tusen-ai/naive-ui,73.97891241321832,8.613160289894735,14.138755244502315,65.41353383458646
tweepy/tweepy,2.166786731126675,248.54908985063935,630.3897126610306,59.25925925925926
twpayne/chezmoi,37.85055193078085,7.30806057862213,29.592900150150154,74.83443708609272
TypeStrong/ts-node,19.707072232380263,16.426437083276248,68.27219375,50.72463768115942
TypeStrong/typedoc,14.638233504877066,50.272878711665015,120.83700344149457,61.206896551724135
uber/cadence,13.56585368763051,94.4363219520397,104.60966862535612,44.5945945945946
uber/react-vis,27.529029409910155,31.206206218564244,94.07153336526181,15.116279069767442
umami-software/umami,28.605927946945776,8.227700981084132,38.20605010609568,76.19047619047619
UnionOfRAD/lithium,1.5378502665377933,315.961065576714,492.83600520833335,20
unit8co/darts,14.15157166343651,17.582432506242196,32.468441967186486,62.5
Unitech/pm2,12.687075222472266,32.310438509202804,95.97801479468599,30.508474576271187
urfave/cli,12.962937719500044,181.59422000015297,379.26673409822865,44.44444444444444
userfrosting/UserFrosting,12.461552249346536,97.98277493218283,127.53855183782265,54.44444444444444
uxsolutions/bootstrap-datepicker,5.933831638115114,93.28258071643604,436.9173478223593,27.027027027027028
valhalla/valhalla,12.298420203544671,58.12378242400721,203.08909844977555,60
vapor/vapor,70.14321759390604,12.478430833762614,41.578056305727024,31.589958158995817
vega/vega-lite,22.52326010208308,32.566847989953644,110.08751470302325,59.411764705882355
vega/vega,12.695227305035843,327.0626030212867,51.871460418752086,50.87719298245614
vendure-ecommerce/vendure,35.29002986156922,12.138685291325935,18.756664784992047,79.1044776119403
vercel/hyper,14.336134129243847,87.89165903165342,151.1389977173354,30.681818181818183
vercel/swr,28.574957383417246,10.66747470788444,64.68574703541262,56.81818181818182
vercel/turbo,179.00171896258846,37.13034966717144,24.465218689083823,25.98870056497175
versatica/mediasoup,28.71270748536191,55.14181887082602,43.20065793099647,32.926829268292686
VictoriaMetrics/VictoriaMetrics,88.09249306932477,6.825774451593779,39.5774776161775,49.56521739130435
vifm/vifm,1.8640328992507043,163.24293373288407,204.03817314143853,61.904761904761905
virtual-kubelet/virtual-kubelet,7.049890296531445,45.81330750547345,152.17817780671297,54.83870967741935
visgl/react-map-gl,25.636158501941352,79.84311092481106,124.99854047521787,26.519337016574585
vitest-dev/vitest,281.75175301068373,0.8725580058347205,14.079116956434852,59.34065934065934
vmware-tanzu/kubeapps,15.390696086054522,26.221718925801426,59.77502384960718,85.71428571428571
vmware-tanzu/octant,11.94003792452041,29.732092930013224,57.6275254126409,76.92307692307692
vmware-tanzu/velero,16.67840254303137,42.97512937325968,109.19012814153437,48.86363636363637
voila-dashboards/voila,19.825914221062856,21.655649146358254,35.114859664351854,26.25
volta-cli/volta,13.94622267109183,28.606761656159705,137.8270458173691,52.63157894736842
vscode-icons/vscode-icons,16.28461289498961,8.165136586688869,19.494569931773878,29.292929292929294
vscode-neovim/vscode-neovim,24.079704560276554,13.045295898802843,108.9043080832269,52.11267605633803
VSCodeVim/Vim,25.80138667945977,18.650998270812284,143.1030731981982,81.00558659217877
vuejs/composition-api,33.7414928922164,4.653664792092706,88.77014866255143,22.115384615384617
vuejs/core,29.135169556083998,30.30324117439468,67.27946032838393,84.05797101449275
vuejs/devtools,14.647736885193375,20.274896024368136,62.71274237472766,47.5609756097561
vuejs/vetur,11.494519698341637,73.27588765506438,117.30085565476192,83.60655737704919
vuejs/vue-cli,27.91396256210179,15.595696354728515,47.783150790630806,48.61878453038674
vuejs/vuepress,33.43280206496481,16.541517974845306,75.91389429012345,30.952380952380953
vuejs/vue,21.599414168698562,51.928381806706795,185.72035020168684,37.4331550802139
vuejs/vue-router,13.059570082513563,34.90056430067846,200.12449936868688,40.21739130434783
vyperlang/vyper,9.291796963953368,32.73027396421292,109.92242061982074,87.5
wallabag/wallabag,6.626921365818103,105.10440270076221,117.81502825797872,66.66666666666667
Warzone2100/warzone2100,1.7263305977719015,345.0238513594118,124.62302907787925,67.85714285714286
WasmEdge/WasmEdge,20.83560262897524,21.844391007691158,45.24482087742504,25
wasmerio/wasmer,13.56632165810598,46.9235501279068,89.65006273674243,81.48148148148148
watchexec/watchexec,9.224084319855962,35.57532127456879,103.4019074074074,47.27272727272727
weaveworks/ignite,11.315388158849593,43.930787449461626,84.51745389987445,62.5
weaveworks/scope,10.2257635512133,34.678682798407216,56.835832465277775,70
weaveworks/weave,11.874917175089607,35.716065181471656,46.572051107480036,69.44444444444444
web3j/web3j,14.084126595710144,30.76197696591878,158.16879332010583,55.294117647058826
webonyx/graphql-php,12.950045775667457,128.16639060529803,375.49571078431376,20.87912087912088
webpack/webpack-dev-server,17.616242813431224,25.87718590375528,101.36791872013141,31.818181818181817
WebThingsIO/gateway,4.877125360946095,84.07829530197633,106.8564842988548,80
webtorrent/webtorrent-desktop,8.123326221659228,82.08137844079938,148.11944078947366,72.22222222222223
webtorrent/webtorrent,48.019089381114185,9.526742379325805,180.12504675925925,11.583924349881796
wenzhixin/bootstrap-table,7.017934760534302,61.267184633941476,183.66390718954247,91.37931034482759
weprovide/valet-plus,14.674418409727913,31.18757464485033,119.78470833333334,27.848101265822784
werf/werf,192.38245422965215,38.88892700432386,61.22700303819445,9.253499222395023
winstonjs/winston,5.243608647978717,105.76164962313686,222.36825314153438,24.193548387096776
wiremock/wiremock,11.305910528707521,25.946036878736923,208.33100919913417,56.79012345679013
wireservice/csvkit,2.027302687963194,144.47339168559174,245.16791974103012,63.63636363636363
wkentaro/labelme,27.69561924363476,92.08285922191469,59.69166921296296,18.784530386740332
wolfSSL/wolfssl,8.64577917511008,46.172631701588195,53.98682897927691,70.29702970297029
WordPress/WordPress-Coding-Standards,4.762315610527069,62.40536411918989,163.1013186369509,75
wp-cli/wp-cli,5.2733557238674,64.24642272034394,138.64909446649028,70.17543859649123
wp-graphql/wp-graphql,22.661474163179193,66.26619485079165,92.49172264442115,78.19548872180451
wtfutil/wtf,15.22923720738186,16.197018206835736,46.29558641975308,80.59701492537313
wulkano/Kap,6.9297995223237505,30.396253064240486,84.83640497489013,52.38095238095238
Xaymar/obs-StreamFX,12.71083403224858,25.68050701151984,49.91716236255787,63.23529411764706
xd009642/tarpaulin,14.652934334081372,24.285040797818365,19.303024966931215,32.05128205128205
XRPLF/rippled,7.809749513901429,367.1856431537574,239.51556935541313,44.927536231884055
yabwe/medium-editor,35.18042748323462,7.143471710458979,112.242939453125,64.1891891891892
yajra/laravel-datatables,43.45618905552649,17.341818343241176,70.80229797979798,13.367609254498715
yargs/yargs,16.77240429545681,18.111637573439214,190.0956950379867,27.3224043715847
yarnpkg/yarn,34.40445233910833,11.944725036124423,72.12826414609053,35.416666666666664
ydataai/pandas-profiling,15.336326443270536,38.73798897479954,96.31860924432497,25.77319587628866
yewstack/yew,8.044668035517693,140.9774040606089,144.0213645686826,74.07407407407408
yggdrasil-network/yggdrasil-go,6.979639896884933,48.04133018183847,48.69710165895062,61.29032258064516
yiisoft/yii,1.3682238264237692,128.5439092308924,309.6522957467359,57.89473684210526
yjs/yjs,34.8116630983583,114.18598606535888,40.92046875,7.971014492753623
youzan/vant,65.42284536644179,11.399736618434211,22.917859027008735,51.59574468085106
youzan/vant-weapp,25.072490688462093,15.851485361158353,50.11118756256257,61.6822429906542
zadam/trilium,49.52608406216819,19.642003801924158,19.671881974121558,32.098765432098766
zalando/skipper,172.39166637629833,0.5294545915778792,107.27894809472936,12.63681592039801
zcash/zcash,14.92052160691928,198.03356464994593,133.72731518817207,65.65656565656566
zeek/zeek,13.0253701606176,173.19413291027504,181.21668807535858,12.76595744680851
zellij-org/zellij,25.428476919405966,12.573166488269285,35.69722283599888,89.74358974358974
zephir-lang/zephir,7.832395472320546,96.52474424324397,521.7815374228395,70.17543859649123
Zettlr/Zettlr,23.15481437425837,37.8334311223674,51.145726987447695,64.07766990291262
Zokrates/ZoKrates,13.04954596106821,43.14263517379964,46.51735576923077,58.69565217391305
ZoneMinder/zoneminder,8.905680920494214,300.14933729000455,332.38538657407406,14.634146341463415
zotero/zotero,14.450804124210396,318.35117799186565,109.35330872437974,19.650655021834062
zricethezav/gitleaks,29.135057987024496,11.75624707367515,57.082375685871064,20.28985507246377
